FirstName,Phone,Notes
Olivia,9876543210,Follow up with client about project
Liam,9123456780,Send invoice and confirm payment
Emma,9988776655,Update project documentation
Noah,9012345678,Call supplier regarding shipment delay
Ava,9876123450,Schedule team meeting for Monday
Elijah,9765432189,Review quarterly sales report
Sophia,9654321870,Respond to customer support tickets
James,9543210987,Prepare presentation for CEO
Isabella,9432109876,Check inventory and restock materials
Benjamin,9321098765,Follow up on pending approvals
Mia,9876501234,Coordinate with marketing team
Lucas,9123409876,Update client on new feature rollout
Charlotte,9987612345,Prepare monthly financial report
Henry,9012309876,Schedule training session for new hires
Amelia,9876120987,Review legal contracts
Alexander,9765432109,Optimize website performance
Evelyn,9654321098,Plan social media campaign
Daniel,9543210980,Audit current project status
Harper,9432109870,Update CRM with new leads
Matthew,9321098760,Confirm meeting with stakeholders
